"","Date","Year","Month","Dayofweek","Count"
"1",2012-01-01,"2012","01","7",724
"2",2012-01-02,"2012","01","1",551
"3",2012-01-03,"2012","01","2",611
"4",2012-01-04,"2012","01","3",599
"5",2012-01-05,"2012","01","4",626
"6",2012-01-06,"2012","01","5",668
"7",2012-01-07,"2012","01","6",582
"8",2012-01-08,"2012","01","7",540
"9",2012-01-09,"2012","01","1",622
"10",2012-01-10,"2012","01","2",592
"11",2012-01-11,"2012","01","3",619
"12",2012-01-12,"2012","01","4",607
"13",2012-01-13,"2012","01","5",649
"14",2012-01-14,"2012","01","6",559
"15",2012-01-15,"2012","01","7",539
"16",2012-01-16,"2012","01","1",609
"17",2012-01-17,"2012","01","2",609
"18",2012-01-18,"2012","01","3",575
"19",2012-01-19,"2012","01","4",518
"20",2012-01-20,"2012","01","5",571
"21",2012-01-21,"2012","01","6",547
"22",2012-01-22,"2012","01","7",559
"23",2012-01-23,"2012","01","1",605
"24",2012-01-24,"2012","01","2",546
"25",2012-01-25,"2012","01","3",606
"26",2012-01-26,"2012","01","4",608
"27",2012-01-27,"2012","01","5",631
"28",2012-01-28,"2012","01","6",631
"29",2012-01-29,"2012","01","7",588
"30",2012-01-30,"2012","01","1",631
"31",2012-01-31,"2012","01","2",587
"32",2012-02-01,"2012","02","3",611
"33",2012-02-02,"2012","02","4",612
"34",2012-02-03,"2012","02","5",613
"35",2012-02-04,"2012","02","6",537
"36",2012-02-05,"2012","02","7",578
"37",2012-02-06,"2012","02","1",582
"38",2012-02-07,"2012","02","2",593
"39",2012-02-08,"2012","02","3",564
"40",2012-02-09,"2012","02","4",562
"41",2012-02-10,"2012","02","5",588
"42",2012-02-11,"2012","02","6",608
"43",2012-02-12,"2012","02","7",578
"44",2012-02-13,"2012","02","1",656
"45",2012-02-14,"2012","02","2",590
"46",2012-02-15,"2012","02","3",618
"47",2012-02-16,"2012","02","4",645
"48",2012-02-17,"2012","02","5",592
"49",2012-02-18,"2012","02","6",557
"50",2012-02-19,"2012","02","7",555
"51",2012-02-20,"2012","02","1",484
"52",2012-02-21,"2012","02","2",595
"53",2012-02-22,"2012","02","3",652
"54",2012-02-23,"2012","02","4",628
"55",2012-02-24,"2012","02","5",577
"56",2012-02-25,"2012","02","6",597
"57",2012-02-26,"2012","02","7",519
"58",2012-02-27,"2012","02","1",621
"59",2012-02-28,"2012","02","2",564
"60",2012-02-29,"2012","02","3",578
"61",2012-03-01,"2012","03","4",675
"62",2012-03-02,"2012","03","5",675
"63",2012-03-03,"2012","03","6",610
"64",2012-03-04,"2012","03","7",561
"65",2012-03-05,"2012","03","1",648
"66",2012-03-06,"2012","03","2",638
"67",2012-03-07,"2012","03","3",659
"68",2012-03-08,"2012","03","4",567
"69",2012-03-09,"2012","03","5",620
"70",2012-03-10,"2012","03","6",570
"71",2012-03-11,"2012","03","7",588
"72",2012-03-12,"2012","03","1",633
"73",2012-03-13,"2012","03","2",619
"74",2012-03-14,"2012","03","3",655
"75",2012-03-15,"2012","03","4",583
"76",2012-03-16,"2012","03","5",637
"77",2012-03-17,"2012","03","6",604
"78",2012-03-18,"2012","03","7",612
"79",2012-03-19,"2012","03","1",599
"80",2012-03-20,"2012","03","2",638
"81",2012-03-21,"2012","03","3",656
"82",2012-03-22,"2012","03","4",633
"83",2012-03-23,"2012","03","5",621
"84",2012-03-24,"2012","03","6",570
"85",2012-03-25,"2012","03","7",538
"86",2012-03-26,"2012","03","1",558
"87",2012-03-27,"2012","03","2",568
"88",2012-03-28,"2012","03","3",636
"89",2012-03-29,"2012","03","4",564
"90",2012-03-30,"2012","03","5",577
"91",2012-03-31,"2012","03","6",608
"92",2012-04-01,"2012","04","7",579
"93",2012-04-02,"2012","04","1",634
"94",2012-04-03,"2012","04","2",584
"95",2012-04-04,"2012","04","3",590
"96",2012-04-05,"2012","04","4",616
"97",2012-04-06,"2012","04","5",547
"98",2012-04-07,"2012","04","6",570
"99",2012-04-08,"2012","04","7",544
"100",2012-04-09,"2012","04","1",545
"101",2012-04-10,"2012","04","2",564
"102",2012-04-11,"2012","04","3",586
"103",2012-04-12,"2012","04","4",619
"104",2012-04-13,"2012","04","5",608
"105",2012-04-14,"2012","04","6",603
"106",2012-04-15,"2012","04","7",581
"107",2012-04-16,"2012","04","1",717
"108",2012-04-17,"2012","04","2",579
"109",2012-04-18,"2012","04","3",611
"110",2012-04-19,"2012","04","4",642
"111",2012-04-20,"2012","04","5",636
"112",2012-04-21,"2012","04","6",600
"113",2012-04-22,"2012","04","7",548
"114",2012-04-23,"2012","04","1",589
"115",2012-04-24,"2012","04","2",571
"116",2012-04-25,"2012","04","3",594
"117",2012-04-26,"2012","04","4",560
"118",2012-04-27,"2012","04","5",594
"119",2012-04-28,"2012","04","6",567
"120",2012-04-29,"2012","04","7",574
"121",2012-04-30,"2012","04","1",576
"122",2012-05-01,"2012","05","2",595
"123",2012-05-02,"2012","05","3",628
"124",2012-05-03,"2012","05","4",623
"125",2012-05-04,"2012","05","5",661
"126",2012-05-05,"2012","05","6",580
"127",2012-05-06,"2012","05","7",594
"128",2012-05-07,"2012","05","1",596
"129",2012-05-08,"2012","05","2",621
"130",2012-05-09,"2012","05","3",619
"131",2012-05-10,"2012","05","4",622
"132",2012-05-11,"2012","05","5",712
"133",2012-05-12,"2012","05","6",635
"134",2012-05-13,"2012","05","7",603
"135",2012-05-14,"2012","05","1",620
"136",2012-05-15,"2012","05","2",639
"137",2012-05-16,"2012","05","3",614
"138",2012-05-17,"2012","05","4",608
"139",2012-05-18,"2012","05","5",626
"140",2012-05-19,"2012","05","6",600
"141",2012-05-20,"2012","05","7",609
"142",2012-05-21,"2012","05","1",634
"143",2012-05-22,"2012","05","2",682
"144",2012-05-23,"2012","05","3",638
"145",2012-05-24,"2012","05","4",682
"146",2012-05-25,"2012","05","5",655
"147",2012-05-26,"2012","05","6",631
"148",2012-05-27,"2012","05","7",609
"149",2012-05-28,"2012","05","1",671
"150",2012-05-29,"2012","05","2",625
"151",2012-05-30,"2012","05","3",653
"152",2012-05-31,"2012","05","4",679
"153",2012-06-01,"2012","06","5",661
"154",2012-06-02,"2012","06","6",604
"155",2012-06-03,"2012","06","7",620
"156",2012-06-04,"2012","06","1",588
"157",2012-06-05,"2012","06","2",639
"158",2012-06-06,"2012","06","3",638
"159",2012-06-07,"2012","06","4",651
"160",2012-06-08,"2012","06","5",673
"161",2012-06-09,"2012","06","6",603
"162",2012-06-10,"2012","06","7",630
"163",2012-06-11,"2012","06","1",664
"164",2012-06-12,"2012","06","2",601
"165",2012-06-13,"2012","06","3",618
"166",2012-06-14,"2012","06","4",660
"167",2012-06-15,"2012","06","5",666
"168",2012-06-16,"2012","06","6",658
"169",2012-06-17,"2012","06","7",614
"170",2012-06-18,"2012","06","1",617
"171",2012-06-19,"2012","06","2",663
"172",2012-06-20,"2012","06","3",692
"173",2012-06-21,"2012","06","4",697
"174",2012-06-22,"2012","06","5",715
"175",2012-06-23,"2012","06","6",647
"176",2012-06-24,"2012","06","7",605
"177",2012-06-25,"2012","06","1",653
"178",2012-06-26,"2012","06","2",604
"179",2012-06-27,"2012","06","3",622
"180",2012-06-28,"2012","06","4",690
"181",2012-06-29,"2012","06","5",701
"182",2012-06-30,"2012","06","6",781
"183",2012-07-01,"2012","07","7",806
"184",2012-07-02,"2012","07","1",600
"185",2012-07-03,"2012","07","2",610
"186",2012-07-04,"2012","07","3",633
"187",2012-07-05,"2012","07","4",660
"188",2012-07-06,"2012","07","5",702
"189",2012-07-07,"2012","07","6",657
"190",2012-07-08,"2012","07","7",607
"191",2012-07-09,"2012","07","1",659
"192",2012-07-10,"2012","07","2",635
"193",2012-07-11,"2012","07","3",664
"194",2012-07-12,"2012","07","4",638
"195",2012-07-13,"2012","07","5",713
"196",2012-07-14,"2012","07","6",616
"197",2012-07-15,"2012","07","7",678
"198",2012-07-16,"2012","07","1",667
"199",2012-07-17,"2012","07","2",672
"200",2012-07-18,"2012","07","3",646
"201",2012-07-19,"2012","07","4",645
"202",2012-07-20,"2012","07","5",623
"203",2012-07-21,"2012","07","6",629
"204",2012-07-22,"2012","07","7",604
"205",2012-07-23,"2012","07","1",639
"206",2012-07-24,"2012","07","2",591
"207",2012-07-25,"2012","07","3",618
"208",2012-07-26,"2012","07","4",633
"209",2012-07-27,"2012","07","5",607
"210",2012-07-28,"2012","07","6",641
"211",2012-07-29,"2012","07","7",651
"212",2012-07-30,"2012","07","1",656
"213",2012-07-31,"2012","07","2",632
"214",2012-08-01,"2012","08","3",685
"215",2012-08-02,"2012","08","4",655
"216",2012-08-03,"2012","08","5",643
"217",2012-08-04,"2012","08","6",813
"218",2012-08-05,"2012","08","7",643
"219",2012-08-06,"2012","08","1",541
"220",2012-08-07,"2012","08","2",632
"221",2012-08-08,"2012","08","3",617
"222",2012-08-09,"2012","08","4",576
"223",2012-08-10,"2012","08","5",647
"224",2012-08-11,"2012","08","6",626
"225",2012-08-12,"2012","08","7",610
"226",2012-08-13,"2012","08","1",623
"227",2012-08-14,"2012","08","2",595
"228",2012-08-15,"2012","08","3",610
"229",2012-08-16,"2012","08","4",631
"230",2012-08-17,"2012","08","5",634
"231",2012-08-18,"2012","08","6",658
"232",2012-08-19,"2012","08","7",684
"233",2012-08-20,"2012","08","1",627
"234",2012-08-21,"2012","08","2",616
"235",2012-08-22,"2012","08","3",622
"236",2012-08-23,"2012","08","4",681
"237",2012-08-24,"2012","08","5",711
"238",2012-08-25,"2012","08","6",696
"239",2012-08-26,"2012","08","7",665
"240",2012-08-27,"2012","08","1",644
"241",2012-08-28,"2012","08","2",677
"242",2012-08-29,"2012","08","3",677
"243",2012-08-30,"2012","08","4",702
"244",2012-08-31,"2012","08","5",752
"245",2012-09-01,"2012","09","6",715
"246",2012-09-02,"2012","09","7",677
"247",2012-09-03,"2012","09","1",639
"248",2012-09-04,"2012","09","2",644
"249",2012-09-05,"2012","09","3",656
"250",2012-09-06,"2012","09","4",645
"251",2012-09-07,"2012","09","5",702
"252",2012-09-08,"2012","09","6",626
"253",2012-09-09,"2012","09","7",606
"254",2012-09-10,"2012","09","1",645
"255",2012-09-11,"2012","09","2",638
"256",2012-09-12,"2012","09","3",639
"257",2012-09-13,"2012","09","4",679
"258",2012-09-14,"2012","09","5",614
"259",2012-09-15,"2012","09","6",622
"260",2012-09-16,"2012","09","7",641
"261",2012-09-17,"2012","09","1",630
"262",2012-09-18,"2012","09","2",586
"263",2012-09-19,"2012","09","3",573
"264",2012-09-20,"2012","09","4",634
"265",2012-09-21,"2012","09","5",658
"266",2012-09-22,"2012","09","6",640
"267",2012-09-23,"2012","09","7",554
"268",2012-09-24,"2012","09","1",605
"269",2012-09-25,"2012","09","2",609
"270",2012-09-26,"2012","09","3",621
"271",2012-09-27,"2012","09","4",605
"272",2012-09-28,"2012","09","5",669
"273",2012-09-29,"2012","09","6",659
"274",2012-09-30,"2012","09","7",655
"275",2012-10-01,"2012","10","1",666
"276",2012-10-02,"2012","10","2",652
"277",2012-10-03,"2012","10","3",610
"278",2012-10-04,"2012","10","4",659
"279",2012-10-05,"2012","10","5",651
"280",2012-10-06,"2012","10","6",570
"281",2012-10-07,"2012","10","7",560
"282",2012-10-08,"2012","10","1",566
"283",2012-10-09,"2012","10","2",632
"284",2012-10-10,"2012","10","3",567
"285",2012-10-11,"2012","10","4",574
"286",2012-10-12,"2012","10","5",598
"287",2012-10-13,"2012","10","6",576
"288",2012-10-14,"2012","10","7",604
"289",2012-10-15,"2012","10","1",598
"290",2012-10-16,"2012","10","2",677
"291",2012-10-17,"2012","10","3",614
"292",2012-10-18,"2012","10","4",641
"293",2012-10-19,"2012","10","5",622
"294",2012-10-20,"2012","10","6",577
"295",2012-10-21,"2012","10","7",607
"296",2012-10-22,"2012","10","1",654
"297",2012-10-23,"2012","10","2",547
"298",2012-10-24,"2012","10","3",564
"299",2012-10-25,"2012","10","4",657
"300",2012-10-26,"2012","10","5",604
"301",2012-10-27,"2012","10","6",596
"302",2012-10-28,"2012","10","7",605
"303",2012-10-29,"2012","10","1",574
"304",2012-10-30,"2012","10","2",609
"305",2012-10-31,"2012","10","3",651
"306",2012-11-01,"2012","11","4",623
"307",2012-11-02,"2012","11","5",570
"308",2012-11-03,"2012","11","6",555
"309",2012-11-04,"2012","11","7",631
"310",2012-11-05,"2012","11","1",590
"311",2012-11-06,"2012","11","2",600
"312",2012-11-07,"2012","11","3",592
"313",2012-11-08,"2012","11","4",581
"314",2012-11-09,"2012","11","5",647
"315",2012-11-10,"2012","11","6",588
"316",2012-11-11,"2012","11","7",570
"317",2012-11-12,"2012","11","1",622
"318",2012-11-13,"2012","11","2",549
"319",2012-11-14,"2012","11","3",587
"320",2012-11-15,"2012","11","4",579
"321",2012-11-16,"2012","11","5",610
"322",2012-11-17,"2012","11","6",569
"323",2012-11-18,"2012","11","7",577
"324",2012-11-19,"2012","11","1",598
"325",2012-11-20,"2012","11","2",605
"326",2012-11-21,"2012","11","3",588
"327",2012-11-22,"2012","11","4",593
"328",2012-11-23,"2012","11","5",639
"329",2012-11-24,"2012","11","6",631
"330",2012-11-25,"2012","11","7",562
"331",2012-11-26,"2012","11","1",553
"332",2012-11-27,"2012","11","2",590
"333",2012-11-28,"2012","11","3",604
"334",2012-11-29,"2012","11","4",631
"335",2012-11-30,"2012","11","5",633
"336",2012-12-01,"2012","12","6",619
"337",2012-12-02,"2012","12","7",609
"338",2012-12-03,"2012","12","1",605
"339",2012-12-04,"2012","12","2",656
"340",2012-12-05,"2012","12","3",655
"341",2012-12-06,"2012","12","4",634
"342",2012-12-07,"2012","12","5",657
"343",2012-12-08,"2012","12","6",655
"344",2012-12-09,"2012","12","7",610
"345",2012-12-10,"2012","12","1",648
"346",2012-12-11,"2012","12","2",573
"347",2012-12-12,"2012","12","3",602
"348",2012-12-13,"2012","12","4",638
"349",2012-12-14,"2012","12","5",687
"350",2012-12-15,"2012","12","6",613
"351",2012-12-16,"2012","12","7",630
"352",2012-12-17,"2012","12","1",644
"353",2012-12-18,"2012","12","2",630
"354",2012-12-19,"2012","12","3",663
"355",2012-12-20,"2012","12","4",672
"356",2012-12-21,"2012","12","5",685
"357",2012-12-22,"2012","12","6",651
"358",2012-12-23,"2012","12","7",604
"359",2012-12-24,"2012","12","1",600
"360",2012-12-25,"2012","12","2",585
"361",2012-12-26,"2012","12","3",595
"362",2012-12-27,"2012","12","4",691
"363",2012-12-28,"2012","12","5",701
"364",2012-12-29,"2012","12","6",632
"365",2012-12-30,"2012","12","7",598
"366",2012-12-31,"2012","12","1",689
"367",2013-01-01,"2013","01","2",811
"368",2013-01-02,"2013","01","3",690
"369",2013-01-03,"2013","01","4",695
"370",2013-01-04,"2013","01","5",686
"371",2013-01-05,"2013","01","6",599
"372",2013-01-06,"2013","01","7",542
"373",2013-01-07,"2013","01","1",654
"374",2013-01-08,"2013","01","2",624
"375",2013-01-09,"2013","01","3",662
"376",2013-01-10,"2013","01","4",637
"377",2013-01-11,"2013","01","5",627
"378",2013-01-12,"2013","01","6",126
"379",2013-01-14,"2013","01","1",545
"380",2013-01-15,"2013","01","2",594
"381",2013-01-16,"2013","01","3",614
"382",2013-01-17,"2013","01","4",607
"383",2013-01-18,"2013","01","5",628
"384",2013-01-19,"2013","01","6",628
"385",2013-01-20,"2013","01","7",565
"386",2013-01-21,"2013","01","1",580
"387",2013-01-22,"2013","01","2",547
"388",2013-01-23,"2013","01","3",634
"389",2013-01-24,"2013","01","4",566
"390",2013-01-25,"2013","01","5",639
"391",2013-01-26,"2013","01","6",604
"392",2013-01-27,"2013","01","7",538
"393",2013-01-28,"2013","01","1",583
"394",2013-01-29,"2013","01","2",651
"395",2013-01-30,"2013","01","3",673
"396",2013-01-31,"2013","01","4",682
"397",2013-02-01,"2013","02","5",670
"398",2013-02-02,"2013","02","6",572
"399",2013-02-03,"2013","02","7",522
"400",2013-02-04,"2013","02","1",642
"401",2013-02-05,"2013","02","2",581
"402",2013-02-06,"2013","02","3",599
"403",2013-02-07,"2013","02","4",634
"404",2013-02-08,"2013","02","5",691
"405",2013-02-09,"2013","02","6",591
"406",2013-02-10,"2013","02","7",673
"407",2013-02-11,"2013","02","1",715
"408",2013-02-12,"2013","02","2",655
"409",2013-02-13,"2013","02","3",590
"410",2013-02-14,"2013","02","4",644
"411",2013-02-15,"2013","02","5",678
"412",2013-02-16,"2013","02","6",621
"413",2013-02-17,"2013","02","7",604
"414",2013-02-18,"2013","02","1",529
"415",2013-02-19,"2013","02","2",657
"416",2013-02-20,"2013","02","3",573
"417",2013-02-21,"2013","02","4",602
"418",2013-02-22,"2013","02","5",648
"419",2013-02-23,"2013","02","6",597
"420",2013-02-24,"2013","02","7",606
"421",2013-02-25,"2013","02","1",660
"422",2013-02-26,"2013","02","2",617
"423",2013-02-27,"2013","02","3",539
"424",2013-02-28,"2013","02","4",632
"425",2013-03-01,"2013","03","5",699
"426",2013-03-02,"2013","03","6",579
"427",2013-03-03,"2013","03","7",559
"428",2013-03-04,"2013","03","1",625
"429",2013-03-05,"2013","03","2",619
"430",2013-03-06,"2013","03","3",619
"431",2013-03-07,"2013","03","4",596
"432",2013-03-08,"2013","03","5",639
"433",2013-03-09,"2013","03","6",603
"434",2013-03-10,"2013","03","7",624
"435",2013-03-11,"2013","03","1",589
"436",2013-03-12,"2013","03","2",615
"437",2013-03-13,"2013","03","3",562
"438",2013-03-14,"2013","03","4",618
"439",2013-03-15,"2013","03","5",562
"440",2013-03-16,"2013","03","6",568
"441",2013-03-17,"2013","03","7",555
"442",2013-03-18,"2013","03","1",628
"443",2013-03-19,"2013","03","2",641
"444",2013-03-20,"2013","03","3",607
"445",2013-03-21,"2013","03","4",580
"446",2013-03-22,"2013","03","5",647
"447",2013-03-23,"2013","03","6",611
"448",2013-03-24,"2013","03","7",586
"449",2013-03-25,"2013","03","1",636
"450",2013-03-26,"2013","03","2",621
"451",2013-03-27,"2013","03","3",588
"452",2013-03-28,"2013","03","4",649
"453",2013-03-29,"2013","03","5",568
"454",2013-03-30,"2013","03","6",579
"455",2013-03-31,"2013","03","7",583
"456",2013-04-01,"2013","04","1",588
"457",2013-04-02,"2013","04","2",550
"458",2013-04-03,"2013","04","3",619
"459",2013-04-04,"2013","04","4",622
"460",2013-04-05,"2013","04","5",665
"461",2013-04-06,"2013","04","6",588
"462",2013-04-07,"2013","04","7",589
"463",2013-04-08,"2013","04","1",607
"464",2013-04-09,"2013","04","2",588
"465",2013-04-10,"2013","04","3",589
"466",2013-04-11,"2013","04","4",599
"467",2013-04-12,"2013","04","5",615
"468",2013-04-13,"2013","04","6",605
"469",2013-04-14,"2013","04","7",599
"470",2013-04-15,"2013","04","1",637
"471",2013-04-16,"2013","04","2",623
"472",2013-04-17,"2013","04","3",633
"473",2013-04-18,"2013","04","4",612
"474",2013-04-19,"2013","04","5",605
"475",2013-04-20,"2013","04","6",573
"476",2013-04-21,"2013","04","7",567
"477",2013-04-22,"2013","04","1",609
"478",2013-04-23,"2013","04","2",581
"479",2013-04-24,"2013","04","3",561
"480",2013-04-25,"2013","04","4",590
"481",2013-04-26,"2013","04","5",645
"482",2013-04-27,"2013","04","6",644
"483",2013-04-28,"2013","04","7",630
"484",2013-04-29,"2013","04","1",642
"485",2013-04-30,"2013","04","2",681
"486",2013-05-01,"2013","05","3",707
"487",2013-05-02,"2013","05","4",663
"488",2013-05-03,"2013","05","5",702
"489",2013-05-04,"2013","05","6",647
"490",2013-05-05,"2013","05","7",684
"491",2013-05-06,"2013","05","1",671
"492",2013-05-07,"2013","05","2",685
"493",2013-05-08,"2013","05","3",666
"494",2013-05-09,"2013","05","4",694
"495",2013-05-10,"2013","05","5",678
"496",2013-05-11,"2013","05","6",586
"497",2013-05-12,"2013","05","7",593
"498",2013-05-13,"2013","05","1",644
"499",2013-05-14,"2013","05","2",621
"500",2013-05-15,"2013","05","3",621
"501",2013-05-16,"2013","05","4",655
"502",2013-05-17,"2013","05","5",626
"503",2013-05-18,"2013","05","6",614
"504",2013-05-19,"2013","05","7",575
"505",2013-05-20,"2013","05","1",572
"506",2013-05-21,"2013","05","2",672
"507",2013-05-22,"2013","05","3",658
"508",2013-05-23,"2013","05","4",674
"509",2013-05-24,"2013","05","5",620
"510",2013-05-25,"2013","05","6",564
"511",2013-05-26,"2013","05","7",597
"512",2013-05-27,"2013","05","1",657
"513",2013-05-28,"2013","05","2",588
"514",2013-05-29,"2013","05","3",645
"515",2013-05-30,"2013","05","4",699
"516",2013-05-31,"2013","05","5",744
"517",2013-06-01,"2013","06","6",670
"518",2013-06-02,"2013","06","7",655
"519",2013-06-03,"2013","06","1",685
"520",2013-06-04,"2013","06","2",635
"521",2013-06-05,"2013","06","3",659
"522",2013-06-06,"2013","06","4",619
"523",2013-06-07,"2013","06","5",689
"524",2013-06-08,"2013","06","6",593
"525",2013-06-09,"2013","06","7",647
"526",2013-06-10,"2013","06","1",684
"527",2013-06-11,"2013","06","2",629
"528",2013-06-12,"2013","06","3",656
"529",2013-06-13,"2013","06","4",672
"530",2013-06-14,"2013","06","5",635
"531",2013-06-15,"2013","06","6",627
"532",2013-06-16,"2013","06","7",632
"533",2013-06-17,"2013","06","1",685
"534",2013-06-18,"2013","06","2",646
"535",2013-06-19,"2013","06","3",664
"536",2013-06-20,"2013","06","4",636
"537",2013-06-21,"2013","06","5",687
"538",2013-06-22,"2013","06","6",647
"539",2013-06-23,"2013","06","7",649
"540",2013-06-24,"2013","06","1",701
"541",2013-06-25,"2013","06","2",664
"542",2013-06-26,"2013","06","3",751
"543",2013-06-27,"2013","06","4",706
"544",2013-06-28,"2013","06","5",669
"545",2013-06-29,"2013","06","6",702
"546",2013-06-30,"2013","06","7",718
"547",2013-07-01,"2013","07","1",636
"548",2013-07-02,"2013","07","2",697
"549",2013-07-03,"2013","07","3",676
"550",2013-07-04,"2013","07","4",649
"551",2013-07-05,"2013","07","5",644
"552",2013-07-06,"2013","07","6",675
"553",2013-07-07,"2013","07","7",641
"554",2013-07-08,"2013","07","1",708
"555",2013-07-09,"2013","07","2",672
"556",2013-07-10,"2013","07","3",662
"557",2013-07-11,"2013","07","4",661
"558",2013-07-12,"2013","07","5",672
"559",2013-07-13,"2013","07","6",653
"560",2013-07-14,"2013","07","7",715
"561",2013-07-15,"2013","07","1",692
"562",2013-07-16,"2013","07","2",756
"563",2013-07-17,"2013","07","3",678
"564",2013-07-18,"2013","07","4",713
"565",2013-07-19,"2013","07","5",771
"566",2013-07-20,"2013","07","6",696
"567",2013-07-21,"2013","07","7",624
"568",2013-07-22,"2013","07","1",755
"569",2013-07-23,"2013","07","2",655
"570",2013-07-24,"2013","07","3",624
"571",2013-07-25,"2013","07","4",681
"572",2013-07-26,"2013","07","5",635
"573",2013-07-27,"2013","07","6",624
"574",2013-07-28,"2013","07","7",611
"575",2013-07-29,"2013","07","1",658
"576",2013-07-30,"2013","07","2",642
"577",2013-07-31,"2013","07","3",673
"578",2013-08-01,"2013","08","4",677
"579",2013-08-02,"2013","08","5",633
"580",2013-08-03,"2013","08","6",730
"581",2013-08-04,"2013","08","7",597
"582",2013-08-05,"2013","08","1",583
"583",2013-08-06,"2013","08","2",643
"584",2013-08-07,"2013","08","3",642
"585",2013-08-08,"2013","08","4",670
"586",2013-08-09,"2013","08","5",687
"587",2013-08-10,"2013","08","6",661
"588",2013-08-11,"2013","08","7",631
"589",2013-08-12,"2013","08","1",620
"590",2013-08-13,"2013","08","2",614
"591",2013-08-14,"2013","08","3",596
"592",2013-08-15,"2013","08","4",651
"593",2013-08-16,"2013","08","5",663
"594",2013-08-17,"2013","08","6",651
"595",2013-08-18,"2013","08","7",651
"596",2013-08-19,"2013","08","1",677
"597",2013-08-20,"2013","08","2",638
"598",2013-08-21,"2013","08","3",648
"599",2013-08-22,"2013","08","4",641
"600",2013-08-23,"2013","08","5",678
"601",2013-08-24,"2013","08","6",642
"602",2013-08-25,"2013","08","7",594
"603",2013-08-26,"2013","08","1",618
"604",2013-08-27,"2013","08","2",658
"605",2013-08-28,"2013","08","3",686
"606",2013-08-29,"2013","08","4",695
"607",2013-08-30,"2013","08","5",722
"608",2013-08-31,"2013","08","6",736
"609",2013-09-01,"2013","09","7",712
"610",2013-09-02,"2013","09","1",626
"611",2013-09-03,"2013","09","2",661
"612",2013-09-04,"2013","09","3",680
"613",2013-09-05,"2013","09","4",638
"614",2013-09-06,"2013","09","5",691
"615",2013-09-07,"2013","09","6",627
"616",2013-09-08,"2013","09","7",595
"617",2013-09-09,"2013","09","1",647
"618",2013-09-10,"2013","09","2",675
"619",2013-09-11,"2013","09","3",694
"620",2013-09-12,"2013","09","4",653
"621",2013-09-13,"2013","09","5",689
"622",2013-09-14,"2013","09","6",680
"623",2013-09-15,"2013","09","7",587
"624",2013-09-16,"2013","09","1",633
"625",2013-09-17,"2013","09","2",685
"626",2013-09-18,"2013","09","3",641
"627",2013-09-19,"2013","09","4",615
"628",2013-09-20,"2013","09","5",708
"629",2013-09-21,"2013","09","6",617
"630",2013-09-22,"2013","09","7",587
"631",2013-09-23,"2013","09","1",690
"632",2013-09-24,"2013","09","2",636
"633",2013-09-25,"2013","09","3",624
"634",2013-09-26,"2013","09","4",644
"635",2013-09-27,"2013","09","5",688
"636",2013-09-28,"2013","09","6",658
"637",2013-09-29,"2013","09","7",657
"638",2013-09-30,"2013","09","1",648
"639",2013-10-01,"2013","10","2",684
"640",2013-10-02,"2013","10","3",676
"641",2013-10-03,"2013","10","4",642
"642",2013-10-04,"2013","10","5",671
"643",2013-10-05,"2013","10","6",600
"644",2013-10-06,"2013","10","7",674
"645",2013-10-07,"2013","10","1",671
"646",2013-10-08,"2013","10","2",670
"647",2013-10-09,"2013","10","3",678
"648",2013-10-10,"2013","10","4",662
"649",2013-10-11,"2013","10","5",696
"650",2013-10-12,"2013","10","6",585
"651",2013-10-13,"2013","10","7",603
"652",2013-10-14,"2013","10","1",554
"653",2013-10-15,"2013","10","2",644
"654",2013-10-16,"2013","10","3",603
"655",2013-10-17,"2013","10","4",628
"656",2013-10-18,"2013","10","5",632
"657",2013-10-19,"2013","10","6",630
"658",2013-10-20,"2013","10","7",598
"659",2013-10-21,"2013","10","1",635
"660",2013-10-22,"2013","10","2",596
"661",2013-10-23,"2013","10","3",628
"662",2013-10-24,"2013","10","4",621
"663",2013-10-25,"2013","10","5",664
"664",2013-10-26,"2013","10","6",621
"665",2013-10-27,"2013","10","7",582
"666",2013-10-28,"2013","10","1",631
"667",2013-10-29,"2013","10","2",661
"668",2013-10-30,"2013","10","3",659
"669",2013-10-31,"2013","10","4",664
"670",2013-11-01,"2013","11","5",728
"671",2013-11-02,"2013","11","6",642
"672",2013-11-03,"2013","11","7",669
"673",2013-11-04,"2013","11","1",666
"674",2013-11-05,"2013","11","2",644
"675",2013-11-06,"2013","11","3",643
"676",2013-11-07,"2013","11","4",627
"677",2013-11-08,"2013","11","5",643
"678",2013-11-09,"2013","11","6",631
"679",2013-11-10,"2013","11","7",622
"680",2013-11-11,"2013","11","1",579
"681",2013-11-12,"2013","11","2",602
"682",2013-11-13,"2013","11","3",598
"683",2013-11-14,"2013","11","4",595
"684",2013-11-15,"2013","11","5",657
"685",2013-11-16,"2013","11","6",597
"686",2013-11-17,"2013","11","7",628
"687",2013-11-18,"2013","11","1",616
"688",2013-11-19,"2013","11","2",545
"689",2013-11-20,"2013","11","3",631
"690",2013-11-21,"2013","11","4",598
"691",2013-11-22,"2013","11","5",635
"692",2013-11-23,"2013","11","6",607
"693",2013-11-24,"2013","11","7",601
"694",2013-11-25,"2013","11","1",621
"695",2013-11-26,"2013","11","2",638
"696",2013-11-27,"2013","11","3",634
"697",2013-11-28,"2013","11","4",595
"698",2013-11-29,"2013","11","5",627
"699",2013-11-30,"2013","11","6",672
"700",2013-12-01,"2013","12","7",608
"701",2013-12-02,"2013","12","1",614
"702",2013-12-03,"2013","12","2",644
"703",2013-12-04,"2013","12","3",645
"704",2013-12-05,"2013","12","4",654
"705",2013-12-06,"2013","12","5",609
"706",2013-12-07,"2013","12","6",607
"707",2013-12-08,"2013","12","7",581
"708",2013-12-09,"2013","12","1",651
"709",2013-12-10,"2013","12","2",683
"710",2013-12-11,"2013","12","3",584
"711",2013-12-12,"2013","12","4",621
"712",2013-12-13,"2013","12","5",662
"713",2013-12-14,"2013","12","6",677
"714",2013-12-15,"2013","12","7",609
"715",2013-12-16,"2013","12","1",659
"716",2013-12-17,"2013","12","2",646
"717",2013-12-18,"2013","12","3",643
"718",2013-12-19,"2013","12","4",662
"719",2013-12-20,"2013","12","5",706
"720",2013-12-21,"2013","12","6",755
"721",2013-12-22,"2013","12","7",732
"722",2013-12-23,"2013","12","1",739
"723",2013-12-24,"2013","12","2",734
"724",2013-12-25,"2013","12","3",701
"725",2013-12-26,"2013","12","4",679
"726",2013-12-27,"2013","12","5",669
"727",2013-12-28,"2013","12","6",650
"728",2013-12-29,"2013","12","7",641
"729",2013-12-30,"2013","12","1",660
"730",2013-12-31,"2013","12","2",736
"731",2014-01-01,"2014","01","3",678
"732",2014-01-02,"2014","01","4",633
"733",2014-01-03,"2014","01","5",722
"734",2014-01-04,"2014","01","6",646
"735",2014-01-05,"2014","01","7",639
"736",2014-01-06,"2014","01","1",717
"737",2014-01-07,"2014","01","2",706
"738",2014-01-08,"2014","01","3",685
"739",2014-01-09,"2014","01","4",723
"740",2014-01-10,"2014","01","5",720
"741",2014-01-11,"2014","01","6",667
"742",2014-01-12,"2014","01","7",613
"743",2014-01-13,"2014","01","1",695
"744",2014-01-14,"2014","01","2",678
"745",2014-01-15,"2014","01","3",667
"746",2014-01-16,"2014","01","4",679
"747",2014-01-17,"2014","01","5",644
"748",2014-01-18,"2014","01","6",678
"749",2014-01-19,"2014","01","7",521
"750",2014-01-20,"2014","01","1",610
"751",2014-01-21,"2014","01","2",596
"752",2014-01-22,"2014","01","3",632
"753",2014-01-23,"2014","01","4",637
"754",2014-01-24,"2014","01","5",615
"755",2014-01-25,"2014","01","6",615
"756",2014-01-26,"2014","01","7",568
"757",2014-01-27,"2014","01","1",655
"758",2014-01-28,"2014","01","2",661
"759",2014-01-29,"2014","01","3",652
"760",2014-01-30,"2014","01","4",690
"761",2014-01-31,"2014","01","5",676
"762",2014-02-01,"2014","02","6",673
"763",2014-02-02,"2014","02","7",660
"764",2014-02-03,"2014","02","1",672
"765",2014-02-04,"2014","02","2",611
"766",2014-02-05,"2014","02","3",628
"767",2014-02-06,"2014","02","4",653
"768",2014-02-07,"2014","02","5",653
"769",2014-02-08,"2014","02","6",609
"770",2014-02-09,"2014","02","7",653
"771",2014-02-10,"2014","02","1",657
"772",2014-02-11,"2014","02","2",617
"773",2014-02-12,"2014","02","3",645
"774",2014-02-13,"2014","02","4",637
"775",2014-02-14,"2014","02","5",642
"776",2014-02-15,"2014","02","6",611
"777",2014-02-16,"2014","02","7",614
"778",2014-02-17,"2014","02","1",552
"779",2014-02-18,"2014","02","2",664
"780",2014-02-19,"2014","02","3",672
"781",2014-02-20,"2014","02","4",635
"782",2014-02-21,"2014","02","5",658
"783",2014-02-22,"2014","02","6",606
"784",2014-02-23,"2014","02","7",613
"785",2014-02-24,"2014","02","1",686
"786",2014-02-25,"2014","02","2",618
"787",2014-02-26,"2014","02","3",618
"788",2014-02-27,"2014","02","4",627
"789",2014-02-28,"2014","02","5",655
"790",2014-03-01,"2014","03","6",655
"791",2014-03-02,"2014","03","7",610
"792",2014-03-03,"2014","03","1",693
"793",2014-03-04,"2014","03","2",658
"794",2014-03-05,"2014","03","3",647
"795",2014-03-06,"2014","03","4",679
"796",2014-03-07,"2014","03","5",689
"797",2014-03-08,"2014","03","6",610
"798",2014-03-09,"2014","03","7",565
"799",2014-03-10,"2014","03","1",695
"800",2014-03-11,"2014","03","2",708
"801",2014-03-12,"2014","03","3",636
"802",2014-03-13,"2014","03","4",683
"803",2014-03-14,"2014","03","5",684
"804",2014-03-15,"2014","03","6",653
"805",2014-03-16,"2014","03","7",587
"806",2014-03-17,"2014","03","1",663
"807",2014-03-18,"2014","03","2",679
"808",2014-03-19,"2014","03","3",625
"809",2014-03-20,"2014","03","4",613
"810",2014-03-21,"2014","03","5",658
"811",2014-03-22,"2014","03","6",654
"812",2014-03-23,"2014","03","7",597
"813",2014-03-24,"2014","03","1",632
"814",2014-03-25,"2014","03","2",663
"815",2014-03-26,"2014","03","3",623
"816",2014-03-27,"2014","03","4",636
"817",2014-03-28,"2014","03","5",694
"818",2014-03-29,"2014","03","6",625
"819",2014-03-30,"2014","03","7",651
"820",2014-03-31,"2014","03","1",656
"821",2014-04-01,"2014","04","2",628
"822",2014-04-02,"2014","04","3",701
"823",2014-04-03,"2014","04","4",647
"824",2014-04-04,"2014","04","5",629
"825",2014-04-05,"2014","04","6",669
"826",2014-04-06,"2014","04","7",634
"827",2014-04-07,"2014","04","1",640
"828",2014-04-08,"2014","04","2",662
"829",2014-04-09,"2014","04","3",660
"830",2014-04-10,"2014","04","4",685
"831",2014-04-11,"2014","04","5",689
"832",2014-04-12,"2014","04","6",689
"833",2014-04-13,"2014","04","7",635
"834",2014-04-14,"2014","04","1",670
"835",2014-04-15,"2014","04","2",607
"836",2014-04-16,"2014","04","3",642
"837",2014-04-17,"2014","04","4",685
"838",2014-04-18,"2014","04","5",573
"839",2014-04-19,"2014","04","6",620
"840",2014-04-20,"2014","04","7",589
"841",2014-04-21,"2014","04","1",611
"842",2014-04-22,"2014","04","2",608
"843",2014-04-23,"2014","04","3",633
"844",2014-04-24,"2014","04","4",592
"845",2014-04-25,"2014","04","5",700
"846",2014-04-26,"2014","04","6",632
"847",2014-04-27,"2014","04","7",641
"848",2014-04-28,"2014","04","1",675
"849",2014-04-29,"2014","04","2",600
"850",2014-04-30,"2014","04","3",645
"851",2014-05-01,"2014","05","4",723
"852",2014-05-02,"2014","05","5",694
"853",2014-05-03,"2014","05","6",648
"854",2014-05-04,"2014","05","7",649
"855",2014-05-05,"2014","05","1",677
"856",2014-05-06,"2014","05","2",656
"857",2014-05-07,"2014","05","3",663
"858",2014-05-08,"2014","05","4",610
"859",2014-05-09,"2014","05","5",633
"860",2014-05-10,"2014","05","6",647
"861",2014-05-11,"2014","05","7",667
"862",2014-05-12,"2014","05","1",674
"863",2014-05-13,"2014","05","2",621
"864",2014-05-14,"2014","05","3",620
"865",2014-05-15,"2014","05","4",629
"866",2014-05-16,"2014","05","5",678
"867",2014-05-17,"2014","05","6",595
"868",2014-05-18,"2014","05","7",596
"869",2014-05-19,"2014","05","1",588
"870",2014-05-20,"2014","05","2",677
"871",2014-05-21,"2014","05","3",630
"872",2014-05-22,"2014","05","4",644
"873",2014-05-23,"2014","05","5",628
"874",2014-05-24,"2014","05","6",631
"875",2014-05-25,"2014","05","7",693
"876",2014-05-26,"2014","05","1",674
"877",2014-05-27,"2014","05","2",676
"878",2014-05-28,"2014","05","3",693
"879",2014-05-29,"2014","05","4",640
"880",2014-05-30,"2014","05","5",680
"881",2014-05-31,"2014","05","6",692
"882",2014-06-01,"2014","06","7",674
"883",2014-06-02,"2014","06","1",683
"884",2014-06-03,"2014","06","2",644
"885",2014-06-04,"2014","06","3",656
"886",2014-06-05,"2014","06","4",658
"887",2014-06-06,"2014","06","5",711
"888",2014-06-07,"2014","06","6",677
"889",2014-06-08,"2014","06","7",620
"890",2014-06-09,"2014","06","1",713
"891",2014-06-10,"2014","06","2",712
"892",2014-06-11,"2014","06","3",630
"893",2014-06-12,"2014","06","4",640
"894",2014-06-13,"2014","06","5",634
"895",2014-06-14,"2014","06","6",637
"896",2014-06-15,"2014","06","7",661
"897",2014-06-16,"2014","06","1",729
"898",2014-06-17,"2014","06","2",681
"899",2014-06-18,"2014","06","3",650
"900",2014-06-19,"2014","06","4",733
"901",2014-06-20,"2014","06","5",680
"902",2014-06-21,"2014","06","6",718
"903",2014-06-22,"2014","06","7",670
"904",2014-06-23,"2014","06","1",717
"905",2014-06-24,"2014","06","2",717
"906",2014-06-25,"2014","06","3",631
"907",2014-06-26,"2014","06","4",730
"908",2014-06-27,"2014","06","5",719
"909",2014-06-28,"2014","06","6",791
"910",2014-06-29,"2014","06","7",843
"911",2014-06-30,"2014","06","1",754
"912",2014-07-01,"2014","07","2",635
"913",2014-07-02,"2014","07","3",687
"914",2014-07-03,"2014","07","4",689
"915",2014-07-04,"2014","07","5",713
"916",2014-07-05,"2014","07","6",665
"917",2014-07-06,"2014","07","7",615
"918",2014-07-07,"2014","07","1",665
"919",2014-07-08,"2014","07","2",592
"920",2014-07-09,"2014","07","3",661
"921",2014-07-10,"2014","07","4",663
"922",2014-07-11,"2014","07","5",652
"923",2014-07-12,"2014","07","6",695
"924",2014-07-13,"2014","07","7",634
"925",2014-07-14,"2014","07","1",631
"926",2014-07-15,"2014","07","2",641
"927",2014-07-16,"2014","07","3",624
"928",2014-07-17,"2014","07","4",653
"929",2014-07-18,"2014","07","5",701
"930",2014-07-19,"2014","07","6",630
"931",2014-07-20,"2014","07","7",609
"932",2014-07-21,"2014","07","1",697
"933",2014-07-22,"2014","07","2",642
"934",2014-07-23,"2014","07","3",632
"935",2014-07-24,"2014","07","4",655
"936",2014-07-25,"2014","07","5",692
"937",2014-07-26,"2014","07","6",664
"938",2014-07-27,"2014","07","7",662
"939",2014-07-28,"2014","07","1",677
"940",2014-07-29,"2014","07","2",634
"941",2014-07-30,"2014","07","3",636
"942",2014-07-31,"2014","07","4",682
"943",2014-08-01,"2014","08","5",659
"944",2014-08-02,"2014","08","6",816
"945",2014-08-03,"2014","08","7",664
"946",2014-08-04,"2014","08","1",600
"947",2014-08-05,"2014","08","2",665
"948",2014-08-06,"2014","08","3",678
"949",2014-08-07,"2014","08","4",654
"950",2014-08-08,"2014","08","5",674
"951",2014-08-09,"2014","08","6",741
"952",2014-08-10,"2014","08","7",666
"953",2014-08-11,"2014","08","1",711
"954",2014-08-12,"2014","08","2",671
"955",2014-08-13,"2014","08","3",644
"956",2014-08-14,"2014","08","4",564
"957",2014-08-15,"2014","08","5",697
"958",2014-08-16,"2014","08","6",637
"959",2014-08-17,"2014","08","7",676
"960",2014-08-18,"2014","08","1",667
"961",2014-08-19,"2014","08","2",645
"962",2014-08-20,"2014","08","3",638
"963",2014-08-21,"2014","08","4",672
"964",2014-08-22,"2014","08","5",737
"965",2014-08-23,"2014","08","6",681
"966",2014-08-24,"2014","08","7",703
"967",2014-08-25,"2014","08","1",687
"968",2014-08-26,"2014","08","2",676
"969",2014-08-27,"2014","08","3",655
"970",2014-08-28,"2014","08","4",716
"971",2014-08-29,"2014","08","5",714
"972",2014-08-30,"2014","08","6",746
"973",2014-08-31,"2014","08","7",795
"974",2014-09-01,"2014","09","1",678
"975",2014-09-02,"2014","09","2",669
"976",2014-09-03,"2014","09","3",710
"977",2014-09-04,"2014","09","4",721
"978",2014-09-05,"2014","09","5",730
"979",2014-09-06,"2014","09","6",683
"980",2014-09-07,"2014","09","7",649
"981",2014-09-08,"2014","09","1",674
"982",2014-09-09,"2014","09","2",662
"983",2014-09-10,"2014","09","3",625
"984",2014-09-11,"2014","09","4",615
"985",2014-09-12,"2014","09","5",663
"986",2014-09-13,"2014","09","6",647
"987",2014-09-14,"2014","09","7",642
"988",2014-09-15,"2014","09","1",664
"989",2014-09-16,"2014","09","2",684
"990",2014-09-17,"2014","09","3",678
"991",2014-09-18,"2014","09","4",711
"992",2014-09-19,"2014","09","5",686
"993",2014-09-20,"2014","09","6",733
"994",2014-09-21,"2014","09","7",662
"995",2014-09-22,"2014","09","1",635
"996",2014-09-23,"2014","09","2",665
"997",2014-09-24,"2014","09","3",679
"998",2014-09-25,"2014","09","4",710
"999",2014-09-26,"2014","09","5",717
"1000",2014-09-27,"2014","09","6",757
"1001",2014-09-28,"2014","09","7",691
"1002",2014-09-29,"2014","09","1",726
"1003",2014-09-30,"2014","09","2",633
"1004",2014-10-01,"2014","10","3",684
"1005",2014-10-02,"2014","10","4",699
"1006",2014-10-03,"2014","10","5",719
"1007",2014-10-04,"2014","10","6",636
"1008",2014-10-05,"2014","10","7",676
"1009",2014-10-06,"2014","10","1",702
"1010",2014-10-07,"2014","10","2",689
"1011",2014-10-08,"2014","10","3",635
"1012",2014-10-09,"2014","10","4",647
"1013",2014-10-10,"2014","10","5",681
"1014",2014-10-11,"2014","10","6",640
"1015",2014-10-12,"2014","10","7",590
"1016",2014-10-13,"2014","10","1",578
"1017",2014-10-14,"2014","10","2",697
"1018",2014-10-15,"2014","10","3",623
"1019",2014-10-16,"2014","10","4",666
"1020",2014-10-17,"2014","10","5",620
"1021",2014-10-18,"2014","10","6",676
"1022",2014-10-19,"2014","10","7",665
"1023",2014-10-20,"2014","10","1",607
"1024",2014-10-21,"2014","10","2",616
"1025",2014-10-22,"2014","10","3",623
"1026",2014-10-23,"2014","10","4",620
"1027",2014-10-24,"2014","10","5",693
"1028",2014-10-25,"2014","10","6",670
"1029",2014-10-26,"2014","10","7",617
"1030",2014-10-27,"2014","10","1",638
"1031",2014-10-28,"2014","10","2",650
"1032",2014-10-29,"2014","10","3",666
"1033",2014-10-30,"2014","10","4",639
"1034",2014-10-31,"2014","10","5",683
"1035",2014-11-01,"2014","11","6",688
"1036",2014-11-02,"2014","11","7",701
"1037",2014-11-03,"2014","11","1",706
"1038",2014-11-04,"2014","11","2",676
"1039",2014-11-05,"2014","11","3",671
"1040",2014-11-06,"2014","11","4",663
"1041",2014-11-07,"2014","11","5",623
"1042",2014-11-08,"2014","11","6",626
"1043",2014-11-09,"2014","11","7",619
"1044",2014-11-10,"2014","11","1",678
"1045",2014-11-11,"2014","11","2",712
"1046",2014-11-12,"2014","11","3",643
"1047",2014-11-13,"2014","11","4",637
"1048",2014-11-14,"2014","11","5",667
"1049",2014-11-15,"2014","11","6",581
"1050",2014-11-16,"2014","11","7",637
"1051",2014-11-17,"2014","11","1",639
"1052",2014-11-18,"2014","11","2",638
"1053",2014-11-19,"2014","11","3",632
"1054",2014-11-20,"2014","11","4",646
"1055",2014-11-21,"2014","11","5",664
"1056",2014-11-22,"2014","11","6",670
"1057",2014-11-23,"2014","11","7",656
"1058",2014-11-24,"2014","11","1",699
"1059",2014-11-25,"2014","11","2",642
"1060",2014-11-26,"2014","11","3",684
"1061",2014-11-27,"2014","11","4",658
"1062",2014-11-28,"2014","11","5",683
"1063",2014-11-29,"2014","11","6",677
"1064",2014-11-30,"2014","11","7",704
"1065",2014-12-01,"2014","12","1",667
"1066",2014-12-02,"2014","12","2",727
"1067",2014-12-03,"2014","12","3",703
"1068",2014-12-04,"2014","12","4",675
"1069",2014-12-05,"2014","12","5",664
"1070",2014-12-06,"2014","12","6",652
"1071",2014-12-07,"2014","12","7",619
"1072",2014-12-08,"2014","12","1",661
"1073",2014-12-09,"2014","12","2",677
"1074",2014-12-10,"2014","12","3",688
"1075",2014-12-11,"2014","12","4",712
"1076",2014-12-12,"2014","12","5",727
"1077",2014-12-13,"2014","12","6",695
"1078",2014-12-14,"2014","12","7",700
"1079",2014-12-15,"2014","12","1",710
"1080",2014-12-16,"2014","12","2",679
"1081",2014-12-17,"2014","12","3",690
"1082",2014-12-18,"2014","12","4",738
"1083",2014-12-19,"2014","12","5",704
"1084",2014-12-20,"2014","12","6",737
"1085",2014-12-21,"2014","12","7",716
"1086",2014-12-22,"2014","12","1",728
"1087",2014-12-23,"2014","12","2",667
"1088",2014-12-24,"2014","12","3",728
"1089",2014-12-25,"2014","12","4",626
"1090",2014-12-26,"2014","12","5",763
"1091",2014-12-27,"2014","12","6",718
"1092",2014-12-28,"2014","12","7",664
"1093",2014-12-29,"2014","12","1",680
"1094",2014-12-30,"2014","12","2",686
"1095",2014-12-31,"2014","12","3",673
"1096",2015-01-01,"2015","01","4",782
"1097",2015-01-02,"2015","01","5",728
"1098",2015-01-03,"2015","01","6",668
"1099",2015-01-04,"2015","01","7",708
"1100",2015-01-05,"2015","01","1",679
"1101",2015-01-06,"2015","01","2",706
"1102",2015-01-07,"2015","01","3",685
"1103",2015-01-08,"2015","01","4",691
"1104",2015-01-09,"2015","01","5",723
"1105",2015-01-10,"2015","01","6",643
"1106",2015-01-11,"2015","01","7",656
"1107",2015-01-12,"2015","01","1",697
"1108",2015-01-13,"2015","01","2",678
"1109",2015-01-14,"2015","01","3",684
"1110",2015-01-15,"2015","01","4",629
"1111",2015-01-16,"2015","01","5",742
"1112",2015-01-17,"2015","01","6",655
"1113",2015-01-18,"2015","01","7",677
"1114",2015-01-19,"2015","01","1",699
"1115",2015-01-20,"2015","01","2",652
"1116",2015-01-21,"2015","01","3",654
"1117",2015-01-22,"2015","01","4",663
"1118",2015-01-23,"2015","01","5",716
"1119",2015-01-24,"2015","01","6",642
"1120",2015-01-25,"2015","01","7",636
"1121",2015-01-26,"2015","01","1",676
"1122",2015-01-27,"2015","01","2",667
"1123",2015-01-28,"2015","01","3",655
"1124",2015-01-29,"2015","01","4",742
"1125",2015-01-30,"2015","01","5",696
"1126",2015-01-31,"2015","01","6",610
"1127",2015-02-01,"2015","02","7",688
"1128",2015-02-02,"2015","02","1",723
"1129",2015-02-03,"2015","02","2",695
"1130",2015-02-04,"2015","02","3",685
"1131",2015-02-05,"2015","02","4",679
"1132",2015-02-06,"2015","02","5",705
"1133",2015-02-07,"2015","02","6",648
"1134",2015-02-08,"2015","02","7",647
"1135",2015-02-09,"2015","02","1",673
"1136",2015-02-10,"2015","02","2",691
"1137",2015-02-11,"2015","02","3",693
"1138",2015-02-12,"2015","02","4",674
"1139",2015-02-13,"2015","02","5",685
"1140",2015-02-14,"2015","02","6",659
"1141",2015-02-15,"2015","02","7",609
"1142",2015-02-16,"2015","02","1",562
"1143",2015-02-17,"2015","02","2",702
"1144",2015-02-18,"2015","02","3",711
"1145",2015-02-19,"2015","02","4",635
"1146",2015-02-20,"2015","02","5",694
"1147",2015-02-21,"2015","02","6",663
"1148",2015-02-22,"2015","02","7",618
"1149",2015-02-23,"2015","02","1",665
"1150",2015-02-24,"2015","02","2",639
"1151",2015-02-25,"2015","02","3",659
"1152",2015-02-26,"2015","02","4",664
"1153",2015-02-27,"2015","02","5",717
"1154",2015-02-28,"2015","02","6",726
"1155",2015-03-01,"2015","03","7",642
"1156",2015-03-02,"2015","03","1",662
"1157",2015-03-03,"2015","03","2",683
"1158",2015-03-04,"2015","03","3",676
"1159",2015-03-05,"2015","03","4",672
"1160",2015-03-06,"2015","03","5",661
"1161",2015-03-07,"2015","03","6",596
"1162",2015-03-08,"2015","03","7",624
"1163",2015-03-09,"2015","03","1",735
"1164",2015-03-10,"2015","03","2",679
"1165",2015-03-11,"2015","03","3",684
"1166",2015-03-12,"2015","03","4",685
"1167",2015-03-13,"2015","03","5",706
"1168",2015-03-14,"2015","03","6",647
"1169",2015-03-15,"2015","03","7",588
"1170",2015-03-16,"2015","03","1",660
"1171",2015-03-17,"2015","03","2",639
"1172",2015-03-18,"2015","03","3",652
"1173",2015-03-19,"2015","03","4",640
"1174",2015-03-20,"2015","03","5",702
"1175",2015-03-21,"2015","03","6",627
"1176",2015-03-22,"2015","03","7",596
"1177",2015-03-23,"2015","03","1",669
"1178",2015-03-24,"2015","03","2",640
"1179",2015-03-25,"2015","03","3",689
"1180",2015-03-26,"2015","03","4",651
"1181",2015-03-27,"2015","03","5",633
"1182",2015-03-28,"2015","03","6",583
"1183",2015-03-29,"2015","03","7",645
"1184",2015-03-30,"2015","03","1",672
"1185",2015-03-31,"2015","03","2",642
"1186",2015-04-01,"2015","04","3",665
"1187",2015-04-02,"2015","04","4",677
"1188",2015-04-03,"2015","04","5",572
"1189",2015-04-04,"2015","04","6",609
"1190",2015-04-05,"2015","04","7",604
"1191",2015-04-06,"2015","04","1",605
"1192",2015-04-07,"2015","04","2",650
"1193",2015-04-08,"2015","04","3",634
"1194",2015-04-09,"2015","04","4",627
"1195",2015-04-10,"2015","04","5",689
"1196",2015-04-11,"2015","04","6",594
"1197",2015-04-12,"2015","04","7",670
"1198",2015-04-13,"2015","04","1",683
"1199",2015-04-14,"2015","04","2",693
"1200",2015-04-15,"2015","04","3",675
"1201",2015-04-16,"2015","04","4",687
"1202",2015-04-17,"2015","04","5",725
"1203",2015-04-18,"2015","04","6",729
"1204",2015-04-19,"2015","04","7",623
"1205",2015-04-20,"2015","04","1",675
"1206",2015-04-21,"2015","04","2",623
"1207",2015-04-22,"2015","04","3",604
"1208",2015-04-23,"2015","04","4",679
"1209",2015-04-24,"2015","04","5",639
"1210",2015-04-25,"2015","04","6",646
"1211",2015-04-26,"2015","04","7",634
"1212",2015-04-27,"2015","04","1",675
"1213",2015-04-28,"2015","04","2",658
"1214",2015-04-29,"2015","04","3",724
"1215",2015-04-30,"2015","04","4",709
"1216",2015-05-01,"2015","05","5",758
"1217",2015-05-02,"2015","05","6",721
"1218",2015-05-03,"2015","05","7",725
"1219",2015-05-04,"2015","05","1",672
"1220",2015-05-05,"2015","05","2",699
"1221",2015-05-06,"2015","05","3",657
"1222",2015-05-07,"2015","05","4",715
"1223",2015-05-08,"2015","05","5",754
"1224",2015-05-09,"2015","05","6",707
"1225",2015-05-10,"2015","05","7",717
"1226",2015-05-11,"2015","05","1",681
"1227",2015-05-12,"2015","05","2",618
"1228",2015-05-13,"2015","05","3",655
"1229",2015-05-14,"2015","05","4",662
"1230",2015-05-15,"2015","05","5",633
"1231",2015-05-16,"2015","05","6",661
"1232",2015-05-17,"2015","05","7",645
"1233",2015-05-18,"2015","05","1",643
"1234",2015-05-19,"2015","05","2",688
"1235",2015-05-20,"2015","05","3",614
"1236",2015-05-21,"2015","05","4",680
"1237",2015-05-22,"2015","05","5",722
"1238",2015-05-23,"2015","05","6",677
"1239",2015-05-24,"2015","05","7",671
"1240",2015-05-25,"2015","05","1",715
"1241",2015-05-26,"2015","05","2",679
"1242",2015-05-27,"2015","05","3",717
"1243",2015-05-28,"2015","05","4",639
"1244",2015-05-29,"2015","05","5",779
"1245",2015-05-30,"2015","05","6",712
"1246",2015-05-31,"2015","05","7",640
"1247",2015-06-01,"2015","06","1",655
"1248",2015-06-02,"2015","06","2",687
"1249",2015-06-03,"2015","06","3",653
"1250",2015-06-04,"2015","06","4",737
"1251",2015-06-05,"2015","06","5",717
"1252",2015-06-06,"2015","06","6",641
"1253",2015-06-07,"2015","06","7",625
"1254",2015-06-08,"2015","06","1",727
"1255",2015-06-09,"2015","06","2",678
"1256",2015-06-10,"2015","06","3",729
"1257",2015-06-11,"2015","06","4",714
"1258",2015-06-12,"2015","06","5",721
"1259",2015-06-13,"2015","06","6",717
"1260",2015-06-14,"2015","06","7",634
"1261",2015-06-15,"2015","06","1",747
"1262",2015-06-16,"2015","06","2",694
"1263",2015-06-17,"2015","06","3",672
"1264",2015-06-18,"2015","06","4",715
"1265",2015-06-19,"2015","06","5",688
"1266",2015-06-20,"2015","06","6",704
"1267",2015-06-21,"2015","06","7",696
"1268",2015-06-22,"2015","06","1",736
"1269",2015-06-23,"2015","06","2",739
"1270",2015-06-24,"2015","06","3",707
"1271",2015-06-25,"2015","06","4",709
"1272",2015-06-26,"2015","06","5",703
"1273",2015-06-27,"2015","06","6",667
"1274",2015-06-28,"2015","06","7",663
"1275",2015-06-29,"2015","06","1",758
"1276",2015-06-30,"2015","06","2",694
"1277",2015-07-01,"2015","07","3",675
"1278",2015-07-02,"2015","07","4",685
"1279",2015-07-03,"2015","07","5",684
"1280",2015-07-04,"2015","07","6",624
"1281",2015-07-05,"2015","07","7",706
"1282",2015-07-06,"2015","07","1",728
"1283",2015-07-07,"2015","07","2",687
"1284",2015-07-08,"2015","07","3",684
"1285",2015-07-09,"2015","07","4",694
"1286",2015-07-10,"2015","07","5",729
"1287",2015-07-11,"2015","07","6",742
"1288",2015-07-12,"2015","07","7",718
"1289",2015-07-13,"2015","07","1",735
"1290",2015-07-14,"2015","07","2",705
"1291",2015-07-15,"2015","07","3",676
"1292",2015-07-16,"2015","07","4",696
"1293",2015-07-17,"2015","07","5",711
"1294",2015-07-18,"2015","07","6",720
"1295",2015-07-19,"2015","07","7",711
"1296",2015-07-20,"2015","07","1",695
"1297",2015-07-21,"2015","07","2",720
"1298",2015-07-22,"2015","07","3",672
"1299",2015-07-23,"2015","07","4",705
"1300",2015-07-24,"2015","07","5",710
"1301",2015-07-25,"2015","07","6",691
"1302",2015-07-26,"2015","07","7",753
"1303",2015-07-27,"2015","07","1",731
"1304",2015-07-28,"2015","07","2",761
"1305",2015-07-29,"2015","07","3",741
"1306",2015-07-30,"2015","07","4",729
"1307",2015-07-31,"2015","07","5",778
"1308",2015-08-01,"2015","08","6",858
"1309",2015-08-02,"2015","08","7",685
"1310",2015-08-03,"2015","08","1",671
"1311",2015-08-04,"2015","08","2",694
"1312",2015-08-05,"2015","08","3",682
"1313",2015-08-06,"2015","08","4",696
"1314",2015-08-07,"2015","08","5",697
"1315",2015-08-08,"2015","08","6",694
"1316",2015-08-09,"2015","08","7",669
"1317",2015-08-10,"2015","08","1",615
"1318",2015-08-11,"2015","08","2",704
"1319",2015-08-12,"2015","08","3",663
"1320",2015-08-13,"2015","08","4",686
"1321",2015-08-14,"2015","08","5",692
"1322",2015-08-15,"2015","08","6",723
"1323",2015-08-16,"2015","08","7",738
"1324",2015-08-17,"2015","08","1",723
"1325",2015-08-18,"2015","08","2",688
"1326",2015-08-19,"2015","08","3",678
"1327",2015-08-20,"2015","08","4",720
"1328",2015-08-21,"2015","08","5",710
"1329",2015-08-22,"2015","08","6",696
"1330",2015-08-23,"2015","08","7",651
"1331",2015-08-24,"2015","08","1",702
"1332",2015-08-25,"2015","08","2",612
"1333",2015-08-26,"2015","08","3",607
"1334",2015-08-27,"2015","08","4",703
"1335",2015-08-28,"2015","08","5",727
"1336",2015-08-29,"2015","08","6",721
"1337",2015-08-30,"2015","08","7",736
"1338",2015-08-31,"2015","08","1",771
"1339",2015-09-01,"2015","09","2",770
"1340",2015-09-02,"2015","09","3",749
"1341",2015-09-03,"2015","09","4",794
"1342",2015-09-04,"2015","09","5",793
"1343",2015-09-05,"2015","09","6",791
"1344",2015-09-06,"2015","09","7",799
"1345",2015-09-07,"2015","09","1",723
"1346",2015-09-08,"2015","09","2",727
"1347",2015-09-09,"2015","09","3",712
"1348",2015-09-10,"2015","09","4",713
"1349",2015-09-11,"2015","09","5",683
"1350",2015-09-12,"2015","09","6",657
"1351",2015-09-13,"2015","09","7",650
"1352",2015-09-14,"2015","09","1",729
"1353",2015-09-15,"2015","09","2",774
"1354",2015-09-16,"2015","09","3",728
"1355",2015-09-17,"2015","09","4",774
"1356",2015-09-18,"2015","09","5",763
"1357",2015-09-19,"2015","09","6",684
"1358",2015-09-20,"2015","09","7",692
"1359",2015-09-21,"2015","09","1",691
"1360",2015-09-22,"2015","09","2",658
"1361",2015-09-23,"2015","09","3",698
"1362",2015-09-24,"2015","09","4",741
"1363",2015-09-25,"2015","09","5",727
"1364",2015-09-26,"2015","09","6",666
"1365",2015-09-27,"2015","09","7",682
"1366",2015-09-28,"2015","09","1",716
"1367",2015-09-29,"2015","09","2",695
"1368",2015-09-30,"2015","09","3",715
"1369",2015-10-01,"2015","10","4",717
"1370",2015-10-02,"2015","10","5",698
"1371",2015-10-03,"2015","10","6",686
"1372",2015-10-04,"2015","10","7",665
"1373",2015-10-05,"2015","10","1",709
"1374",2015-10-06,"2015","10","2",687
"1375",2015-10-07,"2015","10","3",726
"1376",2015-10-08,"2015","10","4",716
"1377",2015-10-09,"2015","10","5",756
"1378",2015-10-10,"2015","10","6",691
"1379",2015-10-11,"2015","10","7",694
"1380",2015-10-12,"2015","10","1",590
"1381",2015-10-13,"2015","10","2",713
"1382",2015-10-14,"2015","10","3",635
"1383",2015-10-15,"2015","10","4",689
"1384",2015-10-16,"2015","10","5",692
"1385",2015-10-17,"2015","10","6",649
"1386",2015-10-18,"2015","10","7",675
"1387",2015-10-19,"2015","10","1",689
"1388",2015-10-20,"2015","10","2",757
"1389",2015-10-21,"2015","10","3",695
"1390",2015-10-22,"2015","10","4",695
"1391",2015-10-23,"2015","10","5",698
"1392",2015-10-24,"2015","10","6",678
"1393",2015-10-25,"2015","10","7",625
"1394",2015-10-26,"2015","10","1",674
"1395",2015-10-27,"2015","10","2",668
"1396",2015-10-28,"2015","10","3",715
"1397",2015-10-29,"2015","10","4",697
"1398",2015-10-30,"2015","10","5",752
"1399",2015-10-31,"2015","10","6",704
"1400",2015-11-01,"2015","11","7",728
"1401",2015-11-02,"2015","11","1",717
"1402",2015-11-03,"2015","11","2",692
"1403",2015-11-04,"2015","11","3",733
"1404",2015-11-05,"2015","11","4",708
"1405",2015-11-06,"2015","11","5",749
"1406",2015-11-07,"2015","11","6",675
"1407",2015-11-08,"2015","11","7",620
"1408",2015-11-09,"2015","11","1",711
"1409",2015-11-10,"2015","11","2",693
"1410",2015-11-11,"2015","11","3",691
"1411",2015-11-12,"2015","11","4",639
"1412",2015-11-13,"2015","11","5",677
"1413",2015-11-14,"2015","11","6",618
"1414",2015-11-15,"2015","11","7",703
"1415",2015-11-16,"2015","11","1",682
"1416",2015-11-17,"2015","11","2",693
"1417",2015-11-18,"2015","11","3",695
"1418",2015-11-19,"2015","11","4",646
"1419",2015-11-20,"2015","11","5",661
"1420",2015-11-21,"2015","11","6",691
"1421",2015-11-22,"2015","11","7",655
"1422",2015-11-23,"2015","11","1",674
"1423",2015-11-24,"2015","11","2",666
"1424",2015-11-25,"2015","11","3",662
"1425",2015-11-26,"2015","11","4",669
"1426",2015-11-27,"2015","11","5",715
"1427",2015-11-28,"2015","11","6",673
"1428",2015-11-29,"2015","11","7",647
"1429",2015-11-30,"2015","11","1",664
"1430",2015-12-01,"2015","12","2",720
"1431",2015-12-02,"2015","12","3",692
"1432",2015-12-03,"2015","12","4",698
"1433",2015-12-04,"2015","12","5",717
"1434",2015-12-05,"2015","12","6",660
"1435",2015-12-06,"2015","12","7",654
"1436",2015-12-07,"2015","12","1",653
"1437",2015-12-08,"2015","12","2",634
"1438",2015-12-09,"2015","12","3",733
"1439",2015-12-10,"2015","12","4",707
"1440",2015-12-11,"2015","12","5",742
"1441",2015-12-12,"2015","12","6",692
"1442",2015-12-13,"2015","12","7",644
"1443",2015-12-14,"2015","12","1",732
"1444",2015-12-15,"2015","12","2",748
"1445",2015-12-16,"2015","12","3",699
"1446",2015-12-17,"2015","12","4",696
"1447",2015-12-18,"2015","12","5",650
"1448",2015-12-19,"2015","12","6",651
"1449",2015-12-20,"2015","12","7",652
"1450",2015-12-21,"2015","12","1",688
"1451",2015-12-22,"2015","12","2",725
"1452",2015-12-23,"2015","12","3",717
"1453",2015-12-24,"2015","12","4",664
"1454",2015-12-25,"2015","12","5",577
"1455",2015-12-26,"2015","12","6",645
"1456",2015-12-27,"2015","12","7",613
"1457",2015-12-28,"2015","12","1",662
"1458",2015-12-29,"2015","12","2",640
"1459",2015-12-30,"2015","12","3",654
"1460",2015-12-31,"2015","12","4",684
"1461",2016-01-01,"2016","01","5",779
"1462",2016-01-02,"2016","01","6",646
"1463",2016-01-03,"2016","01","7",676
"1464",2016-01-04,"2016","01","1",658
"1465",2016-01-05,"2016","01","2",707
"1466",2016-01-06,"2016","01","3",682
"1467",2016-01-07,"2016","01","4",702
"1468",2016-01-08,"2016","01","5",728
"1469",2016-01-09,"2016","01","6",642
"1470",2016-01-10,"2016","01","7",677
"1471",2016-01-11,"2016","01","1",669
"1472",2016-01-12,"2016","01","2",690
"1473",2016-01-13,"2016","01","3",661
"1474",2016-01-14,"2016","01","4",722
"1475",2016-01-15,"2016","01","5",718
"1476",2016-01-16,"2016","01","6",651
"1477",2016-01-17,"2016","01","7",699
"1478",2016-01-18,"2016","01","1",702
"1479",2016-01-19,"2016","01","2",615
"1480",2016-01-20,"2016","01","3",676
"1481",2016-01-21,"2016","01","4",681
"1482",2016-01-22,"2016","01","5",706
"1483",2016-01-23,"2016","01","6",644
"1484",2016-01-24,"2016","01","7",658
"1485",2016-01-25,"2016","01","1",711
"1486",2016-01-26,"2016","01","2",700
"1487",2016-01-27,"2016","01","3",716
"1488",2016-01-28,"2016","01","4",708
"1489",2016-01-29,"2016","01","5",752
"1490",2016-01-30,"2016","01","6",713
"1491",2016-01-31,"2016","01","7",730
"1492",2016-02-01,"2016","02","1",731
"1493",2016-02-02,"2016","02","2",640
"1494",2016-02-03,"2016","02","3",711
"1495",2016-02-04,"2016","02","4",664
"1496",2016-02-05,"2016","02","5",715
"1497",2016-02-06,"2016","02","6",736
"1498",2016-02-07,"2016","02","7",653
"1499",2016-02-08,"2016","02","1",738
"1500",2016-02-09,"2016","02","2",694
"1501",2016-02-10,"2016","02","3",680
"1502",2016-02-11,"2016","02","4",692
"1503",2016-02-12,"2016","02","5",704
"1504",2016-02-13,"2016","02","6",691
"1505",2016-02-14,"2016","02","7",685
"1506",2016-02-15,"2016","02","1",641
"1507",2016-02-16,"2016","02","2",754
"1508",2016-02-17,"2016","02","3",719
"1509",2016-02-18,"2016","02","4",682
"1510",2016-02-19,"2016","02","5",737
"1511",2016-02-20,"2016","02","6",700
"1512",2016-02-21,"2016","02","7",655
"1513",2016-02-22,"2016","02","1",734
"1514",2016-02-23,"2016","02","2",750
"1515",2016-02-24,"2016","02","3",706
"1516",2016-02-25,"2016","02","4",751
"1517",2016-02-26,"2016","02","5",794
"1518",2016-02-27,"2016","02","6",737
"1519",2016-02-28,"2016","02","7",723
"1520",2016-02-29,"2016","02","1",733
"1521",2016-03-01,"2016","03","2",704
"1522",2016-03-02,"2016","03","3",721
"1523",2016-03-03,"2016","03","4",750
"1524",2016-03-04,"2016","03","5",759
"1525",2016-03-05,"2016","03","6",746
"1526",2016-03-06,"2016","03","7",696
"1527",2016-03-07,"2016","03","1",769
"1528",2016-03-08,"2016","03","2",742
"1529",2016-03-09,"2016","03","3",754
"1530",2016-03-10,"2016","03","4",773
"1531",2016-03-11,"2016","03","5",734
"1532",2016-03-12,"2016","03","6",727
"1533",2016-03-13,"2016","03","7",636
"1534",2016-03-14,"2016","03","1",750
"1535",2016-03-15,"2016","03","2",723
"1536",2016-03-16,"2016","03","3",712
"1537",2016-03-17,"2016","03","4",729
"1538",2016-03-18,"2016","03","5",685
"1539",2016-03-19,"2016","03","6",613
"1540",2016-03-20,"2016","03","7",665
"1541",2016-03-21,"2016","03","1",685
"1542",2016-03-22,"2016","03","2",678
"1543",2016-03-23,"2016","03","3",635
"1544",2016-03-24,"2016","03","4",716
"1545",2016-03-25,"2016","03","5",621
"1546",2016-03-26,"2016","03","6",689
"1547",2016-03-27,"2016","03","7",696
"1548",2016-03-28,"2016","03","1",653
"1549",2016-03-29,"2016","03","2",631
"1550",2016-03-30,"2016","03","3",662
"1551",2016-03-31,"2016","03","4",700
"1552",2016-04-01,"2016","04","5",797
"1553",2016-04-02,"2016","04","6",721
"1554",2016-04-03,"2016","04","7",717
"1555",2016-04-04,"2016","04","1",694
"1556",2016-04-05,"2016","04","2",706
"1557",2016-04-06,"2016","04","3",672
"1558",2016-04-07,"2016","04","4",723
"1559",2016-04-08,"2016","04","5",746
"1560",2016-04-09,"2016","04","6",699
"1561",2016-04-10,"2016","04","7",694
"1562",2016-04-11,"2016","04","1",712
"1563",2016-04-12,"2016","04","2",686
"1564",2016-04-13,"2016","04","3",713
"1565",2016-04-14,"2016","04","4",686
"1566",2016-04-15,"2016","04","5",683
"1567",2016-04-16,"2016","04","6",706
"1568",2016-04-17,"2016","04","7",726
"1569",2016-04-18,"2016","04","1",766
"1570",2016-04-19,"2016","04","2",738
"1571",2016-04-20,"2016","04","3",691
"1572",2016-04-21,"2016","04","4",707
"1573",2016-04-22,"2016","04","5",710
"1574",2016-04-23,"2016","04","6",658
"1575",2016-04-24,"2016","04","7",709
"1576",2016-04-25,"2016","04","1",695
"1577",2016-04-26,"2016","04","2",627
"1578",2016-04-27,"2016","04","3",726
"1579",2016-04-28,"2016","04","4",717
"1580",2016-04-29,"2016","04","5",740
"1581",2016-04-30,"2016","04","6",709
"1582",2016-05-01,"2016","05","7",695
"1583",2016-05-02,"2016","05","1",709
"1584",2016-05-03,"2016","05","2",684
"1585",2016-05-04,"2016","05","3",692
"1586",2016-05-05,"2016","05","4",779
"1587",2016-05-06,"2016","05","5",765
"1588",2016-05-07,"2016","05","6",750
"1589",2016-05-08,"2016","05","7",698
"1590",2016-05-09,"2016","05","1",684
"1591",2016-05-10,"2016","05","2",696
"1592",2016-05-11,"2016","05","3",729
"1593",2016-05-12,"2016","05","4",746
"1594",2016-05-13,"2016","05","5",689
"1595",2016-05-14,"2016","05","6",663
"1596",2016-05-15,"2016","05","7",655
"1597",2016-05-16,"2016","05","1",715
"1598",2016-05-17,"2016","05","2",699
"1599",2016-05-18,"2016","05","3",742
"1600",2016-05-19,"2016","05","4",750
"1601",2016-05-20,"2016","05","5",703
"1602",2016-05-21,"2016","05","6",706
"1603",2016-05-22,"2016","05","7",701
"1604",2016-05-23,"2016","05","1",674
"1605",2016-05-24,"2016","05","2",752
"1606",2016-05-25,"2016","05","3",757
"1607",2016-05-26,"2016","05","4",736
"1608",2016-05-27,"2016","05","5",814
"1609",2016-05-28,"2016","05","6",800
"1610",2016-05-29,"2016","05","7",802
"1611",2016-05-30,"2016","05","1",798
"1612",2016-05-31,"2016","05","2",814
"1613",2016-06-01,"2016","06","3",777
"1614",2016-06-02,"2016","06","4",774
"1615",2016-06-03,"2016","06","5",813
"1616",2016-06-04,"2016","06","6",768
"1617",2016-06-05,"2016","06","7",715
"1618",2016-06-06,"2016","06","1",784
"1619",2016-06-07,"2016","06","2",730
"1620",2016-06-08,"2016","06","3",674
"1621",2016-06-09,"2016","06","4",713
"1622",2016-06-10,"2016","06","5",737
"1623",2016-06-11,"2016","06","6",764
"1624",2016-06-12,"2016","06","7",686
"1625",2016-06-13,"2016","06","1",724
"1626",2016-06-14,"2016","06","2",689
"1627",2016-06-15,"2016","06","3",706
"1628",2016-06-16,"2016","06","4",743
"1629",2016-06-17,"2016","06","5",762
"1630",2016-06-18,"2016","06","6",774
"1631",2016-06-19,"2016","06","7",772
"1632",2016-06-20,"2016","06","1",814
"1633",2016-06-21,"2016","06","2",754
"1634",2016-06-22,"2016","06","3",774
"1635",2016-06-23,"2016","06","4",739
"1636",2016-06-24,"2016","06","5",767
"1637",2016-06-25,"2016","06","6",733
"1638",2016-06-26,"2016","06","7",725
"1639",2016-06-27,"2016","06","1",748
"1640",2016-06-28,"2016","06","2",698
"1641",2016-06-29,"2016","06","3",734
"1642",2016-06-30,"2016","06","4",806
"1643",2016-07-01,"2016","07","5",692
"1644",2016-07-02,"2016","07","6",736
"1645",2016-07-03,"2016","07","7",857
"1646",2016-07-04,"2016","07","1",789
"1647",2016-07-05,"2016","07","2",766
"1648",2016-07-06,"2016","07","3",784
"1649",2016-07-07,"2016","07","4",784
"1650",2016-07-08,"2016","07","5",755
"1651",2016-07-09,"2016","07","6",769
"1652",2016-07-10,"2016","07","7",776
"1653",2016-07-11,"2016","07","1",734
"1654",2016-07-12,"2016","07","2",715
"1655",2016-07-13,"2016","07","3",729
"1656",2016-07-14,"2016","07","4",758
"1657",2016-07-15,"2016","07","5",784
"1658",2016-07-16,"2016","07","6",697
"1659",2016-07-17,"2016","07","7",745
"1660",2016-07-18,"2016","07","1",788
"1661",2016-07-19,"2016","07","2",713
"1662",2016-07-20,"2016","07","3",725
"1663",2016-07-21,"2016","07","4",743
"1664",2016-07-22,"2016","07","5",754
"1665",2016-07-23,"2016","07","6",806
"1666",2016-07-24,"2016","07","7",696
"1667",2016-07-25,"2016","07","1",758
"1668",2016-07-26,"2016","07","2",750
"1669",2016-07-27,"2016","07","3",728
"1670",2016-07-28,"2016","07","4",740
"1671",2016-07-29,"2016","07","5",731
"1672",2016-07-30,"2016","07","6",853
"1673",2016-07-31,"2016","07","7",710
"1674",2016-08-01,"2016","08","1",699
"1675",2016-08-02,"2016","08","2",771
"1676",2016-08-03,"2016","08","3",705
"1677",2016-08-04,"2016","08","4",742
"1678",2016-08-05,"2016","08","5",806
"1679",2016-08-06,"2016","08","6",759
"1680",2016-08-07,"2016","08","7",720
"1681",2016-08-08,"2016","08","1",763
"1682",2016-08-09,"2016","08","2",728
"1683",2016-08-10,"2016","08","3",734
"1684",2016-08-11,"2016","08","4",728
"1685",2016-08-12,"2016","08","5",766
"1686",2016-08-13,"2016","08","6",740
"1687",2016-08-14,"2016","08","7",704
"1688",2016-08-15,"2016","08","1",732
"1689",2016-08-16,"2016","08","2",697
"1690",2016-08-17,"2016","08","3",756
"1691",2016-08-18,"2016","08","4",691
"1692",2016-08-19,"2016","08","5",772
"1693",2016-08-20,"2016","08","6",816
"1694",2016-08-21,"2016","08","7",678
"1695",2016-08-22,"2016","08","1",749
"1696",2016-08-23,"2016","08","2",723
"1697",2016-08-24,"2016","08","3",749
"1698",2016-08-25,"2016","08","4",735
"1699",2016-08-26,"2016","08","5",824
"1700",2016-08-27,"2016","08","6",790
"1701",2016-08-28,"2016","08","7",743
"1702",2016-08-29,"2016","08","1",790
"1703",2016-08-30,"2016","08","2",772
"1704",2016-08-31,"2016","08","3",807
"1705",2016-09-01,"2016","09","4",751
"1706",2016-09-02,"2016","09","5",785
"1707",2016-09-03,"2016","09","6",732
"1708",2016-09-04,"2016","09","7",804
"1709",2016-09-05,"2016","09","1",692
"1710",2016-09-06,"2016","09","2",805
"1711",2016-09-07,"2016","09","3",807
"1712",2016-09-08,"2016","09","4",762
"1713",2016-09-09,"2016","09","5",780
"1714",2016-09-10,"2016","09","6",797
"1715",2016-09-11,"2016","09","7",708
"1716",2016-09-12,"2016","09","1",788
"1717",2016-09-13,"2016","09","2",746
"1718",2016-09-14,"2016","09","3",725
"1719",2016-09-15,"2016","09","4",723
"1720",2016-09-16,"2016","09","5",794
"1721",2016-09-17,"2016","09","6",722
"1722",2016-09-18,"2016","09","7",743
"1723",2016-09-19,"2016","09","1",726
"1724",2016-09-20,"2016","09","2",717
"1725",2016-09-21,"2016","09","3",705
"1726",2016-09-22,"2016","09","4",732
"1727",2016-09-23,"2016","09","5",678
"1728",2016-09-24,"2016","09","6",752
"1729",2016-09-25,"2016","09","7",694
"1730",2016-09-26,"2016","09","1",758
"1731",2016-09-27,"2016","09","2",674
"1732",2016-09-28,"2016","09","3",727
"1733",2016-09-29,"2016","09","4",702
"1734",2016-09-30,"2016","09","5",734
"1735",2016-10-01,"2016","10","6",733
"1736",2016-10-02,"2016","10","7",748
"1737",2016-10-03,"2016","10","1",768
"1738",2016-10-04,"2016","10","2",721
"1739",2016-10-05,"2016","10","3",798
"1740",2016-10-06,"2016","10","4",772
"1741",2016-10-07,"2016","10","5",755
"1742",2016-10-08,"2016","10","6",682
"1743",2016-10-09,"2016","10","7",634
"1744",2016-10-10,"2016","10","1",669
"1745",2016-10-11,"2016","10","2",699
"1746",2016-10-12,"2016","10","3",751
"1747",2016-10-13,"2016","10","4",738
"1748",2016-10-14,"2016","10","5",692
"1749",2016-10-15,"2016","10","6",757
"1750",2016-10-16,"2016","10","7",723
"1751",2016-10-17,"2016","10","1",706
"1752",2016-10-18,"2016","10","2",749
"1753",2016-10-19,"2016","10","3",754
"1754",2016-10-20,"2016","10","4",718
"1755",2016-10-21,"2016","10","5",720
"1756",2016-10-22,"2016","10","6",730
"1757",2016-10-23,"2016","10","7",636
"1758",2016-10-24,"2016","10","1",664
"1759",2016-10-25,"2016","10","2",706
"1760",2016-10-26,"2016","10","3",688
"1761",2016-10-27,"2016","10","4",671
"1762",2016-10-28,"2016","10","5",742
"1763",2016-10-29,"2016","10","6",749
"1764",2016-10-30,"2016","10","7",773
"1765",2016-10-31,"2016","10","1",748
"1766",2016-11-01,"2016","11","2",767
"1767",2016-11-02,"2016","11","3",754
"1768",2016-11-03,"2016","11","4",771
"1769",2016-11-04,"2016","11","5",785
"1770",2016-11-05,"2016","11","6",722
"1771",2016-11-06,"2016","11","7",678
"1772",2016-11-07,"2016","11","1",720
"1773",2016-11-08,"2016","11","2",733
"1774",2016-11-09,"2016","11","3",684
"1775",2016-11-10,"2016","11","4",729
"1776",2016-11-11,"2016","11","5",749
"1777",2016-11-12,"2016","11","6",689
"1778",2016-11-13,"2016","11","7",681
"1779",2016-11-14,"2016","11","1",698
"1780",2016-11-15,"2016","11","2",737
"1781",2016-11-16,"2016","11","3",699
"1782",2016-11-17,"2016","11","4",727
"1783",2016-11-18,"2016","11","5",753
"1784",2016-11-19,"2016","11","6",712
"1785",2016-11-20,"2016","11","7",705
"1786",2016-11-21,"2016","11","1",723
"1787",2016-11-22,"2016","11","2",732
"1788",2016-11-23,"2016","11","3",705
"1789",2016-11-24,"2016","11","4",673
"1790",2016-11-25,"2016","11","5",737
"1791",2016-11-26,"2016","11","6",733
"1792",2016-11-27,"2016","11","7",734
"1793",2016-11-28,"2016","11","1",750
"1794",2016-11-29,"2016","11","2",721
"1795",2016-11-30,"2016","11","3",775
"1796",2016-12-01,"2016","12","4",760
"1797",2016-12-02,"2016","12","5",714
"1798",2016-12-03,"2016","12","6",705
"1799",2016-12-04,"2016","12","7",718
"1800",2016-12-05,"2016","12","1",712
"1801",2016-12-06,"2016","12","2",756
"1802",2016-12-07,"2016","12","3",716
"1803",2016-12-08,"2016","12","4",710
"1804",2016-12-09,"2016","12","5",714
"1805",2016-12-10,"2016","12","6",705
"1806",2016-12-11,"2016","12","7",700
"1807",2016-12-12,"2016","12","1",774
"1808",2016-12-13,"2016","12","2",680
"1809",2016-12-14,"2016","12","3",760
"1810",2016-12-15,"2016","12","4",742
"1811",2016-12-16,"2016","12","5",780
"1812",2016-12-17,"2016","12","6",848
"1813",2016-12-18,"2016","12","7",763
"1814",2016-12-19,"2016","12","1",788
"1815",2016-12-20,"2016","12","2",770
"1816",2016-12-21,"2016","12","3",785
"1817",2016-12-22,"2016","12","4",813
"1818",2016-12-23,"2016","12","5",785
"1819",2016-12-24,"2016","12","6",785
"1820",2016-12-25,"2016","12","7",671
"1821",2016-12-26,"2016","12","1",821
"1822",2016-12-27,"2016","12","2",764
"1823",2016-12-28,"2016","12","3",760
"1824",2016-12-29,"2016","12","4",791
"1825",2016-12-30,"2016","12","5",789
"1826",2016-12-31,"2016","12","6",792
